Source,Target,Type,Id,Label,Weight,color,Color
Orange,Kobalt,Undirected,2,,2,"#000000","#000000"
Orange,Orange,Undirected,6,,8,"#000000","#000000"
Ensostudio,Orange,Undirected,7,,1,"#000000","#000000"
Orange,Ualberta,Undirected,9,,1,"#000000","#000000"
Alphabet,Alphabet,Undirected,12,,1881430,"#000000","#000000"
Alphabet,berkeley,Undirected,14,,133,"#000000","#000000"
Alphabet,Oppo,Undirected,16,,4701,"#000000","#000000"
berkeley,Oppo,Undirected,17,,12,"#000000","#000000"
Alphabet,uwaterloo,Undirected,19,,30,"#000000","#000000"
Alphabet,canonical,Undirected,21,,606,"#000000","#000000"
canonical,canonical,Undirected,22,,2,"#000000","#000000"
Alphabet,manabie,Undirected,24,,30,"#000000","#000000"
Alphabet,naver,Undirected,26,,282,"#000000","#000000"
oppo,naver,Undirected,27,,17,"#000000","#000000"
Alphabet,Alibaba,Undirected,29,,55,"#000000","#000000"
oppo,Alibaba,Undirected,30,,1,"#000000","#000000"
Alphabet,Sharezone,Undirected,32,,158,"#000000","#000000"
oppo,Sharezone,Undirected,33,,13,"#000000","#000000"
oppo,Oppo,Undirected,36,,4,"#000000","#000000"
Alphabet,diagnosia,Undirected,38,,180,"#000000","#000000"
Alphabet,Naver,Undirected,40,,20,"#000000","#000000"
Alphabet,Sage,Undirected,42,,29,"#000000","#000000"
oppo,Sage,Undirected,43,,3,"#000000","#000000"
Alibaba,Sage,Undirected,44,,2,"#000000","#000000"
Alphabet,Bytedance,Undirected,46,,326,"#000000","#000000"
canonical,Bytedance,Undirected,47,,3,"#000000","#000000"
Meta,Meta,Undirected,50,,23384,"#000000","#000000"
Cyntler,Meta,Undirected,51,,2,"#000000","#000000"
Meta,Shopify,Undirected,54,,7,"#000000","#000000"
Meta,Alphabet,Undirected,57,,183,"#000000","#000000"
Meta,Lectra,Undirected,59,,85,"#000000","#000000"
Alphabet,Lectra,Undirected,60,,4,"#000000","#000000"
Meta,Tracxn,Undirected,62,,5,"#000000","#000000"
Meta,Kensho,Undirected,64,,3,"#000000","#000000"
Meta,Adobe,Undirected,66,,12,"#000000","#000000"
Meta,Naver,Undirected,68,,20,"#000000","#000000"
Lectra,Naver,Undirected,69,,2,"#000000","#000000"
Alphabet,Tensorflow,Undirected,72,,905891,"#000000","#000000"
Alphabet,arm,Undirected,73,,22303,"#000000","#000000"
Alphabet,Intel,Undirected,74,,33088,"#000000","#000000"
Alphabet,Nvidia,Undirected,75,,98603,"#000000","#000000"
Alphabet,tu-dresden,Undirected,76,,1598,"#000000","#000000"
Alphabet,IBM,Undirected,77,,20860,"#000000","#000000"
Alphabet,nxp,Undirected,78,,469,"#000000","#000000"
Alphabet,cadence,Undirected,79,,514,"#000000","#000000"
Alphabet,MobileIron,Undirected,80,,13753,"#000000","#000000"
Alphabet,bdti,Undirected,81,,6322,"#000000","#000000"
Alphabet,ARM,Undirected,83,,8502,"#000000","#000000"
Alphabet,xtech,Undirected,84,,1653,"#000000","#000000"
Alphabet,Microsoft,Undirected,85,,1019,"#000000","#000000"
Alphabet,AMD,Undirected,86,,26986,"#000000","#000000"
Alphabet,linaro,Undirected,88,,345,"#000000","#000000"
Alphabet,Apple,Undirected,89,,1621,"#000000","#000000"
Alphabet,nyu,Undirected,91,,2299,"#000000","#000000"
Alphabet,habana,Undirected,92,,75,"#000000","#000000"
Alphabet,instadeep,Undirected,93,,45,"#000000","#000000"
Alphabet,amazon,Undirected,94,,2140,"#000000","#000000"
Alphabet,alibaba-inc,Undirected,95,,248,"#000000","#000000"
Alphabet,Polymagelabs,Undirected,96,,4885,"#000000","#000000"
Alphabet,tencent,Undirected,97,,1662,"#000000","#000000"
Alphabet,uvic,Undirected,98,,877,"#000000","#000000"
Alphabet,graphcore,Undirected,99,,857,"#000000","#000000"
Alphabet,dfki,Undirected,100,,3057,"#000000","#000000"
Alphabet,systrangroup,Undirected,101,,198,"#000000","#000000"
Alphabet,cerebras,Undirected,102,,627,"#000000","#000000"
Alphabet,nsec,Undirected,103,,655,"#000000","#000000"
Alphabet,maxar,Undirected,105,,460,"#000000","#000000"
Alphabet,snu,Undirected,110,,63,"#000000","#000000"
Alphabet,calpoly,Undirected,111,,140,"#000000","#000000"
Alphabet,sunoru,Undirected,112,,184,"#000000","#000000"
Alphabet,legatohealth,Undirected,113,,824,"#000000","#000000"
Alphabet,pku,Undirected,114,,26,"#000000","#000000"
Alphabet,bytedance,Undirected,115,,294,"#000000","#000000"
Alphabet,peritiae,Undirected,116,,252,"#000000","#000000"
Alphabet,noble,Undirected,117,,60,"#000000","#000000"
Alphabet,users,Undirected,149,,141,"#000000","#000000"
Alphabet,scortex,Undirected,150,,183,"#000000","#000000"
Alphabet,sony,Undirected,151,,18,"#000000","#000000"
Alphabet,espressif,Undirected,152,,71,"#000000","#000000"
Alphabet,antmicro,Undirected,153,,509,"#000000","#000000"
Alphabet,synopsys,Undirected,154,,1027,"#000000","#000000"
Alphabet,himax,Undirected,155,,213,"#000000","#000000"
Alphabet,yahoo,Undirected,156,,9,"#000000","#000000"
Alphabet,xmos,Undirected,157,,40,"#000000","#000000"
Alphabet,edgeimpulse,Undirected,158,,142,"#000000","#000000"
Alphabet,sensiml,Undirected,160,,378,"#000000","#000000"
Alphabet,microsoft,Undirected,161,,74,"#000000","#000000"
Alphabet,bmsce,Undirected,162,,301,"#000000","#000000"
Alphabet,rutgers,Undirected,164,,170,"#000000","#000000"
Alphabet,fraunhofer,Undirected,165,,473,"#000000","#000000"
Alphabet,nod-labs,Undirected,166,,59,"#000000","#000000"
Alphabet,linkedin,Undirected,167,,131,"#000000","#000000"
Alphabet,inailuig,Undirected,168,,439,"#000000","#000000"
Alphabet,scu,Undirected,169,,7,"#000000","#000000"
Alphabet,dropbox,Undirected,170,,62,"#000000","#000000"
Alphabet,iisc,Undirected,171,,109,"#000000","#000000"
Polymagelabs,Tensorflow,Undirected,173,,1045,"#000000","#000000"
Polymagelabs,fraunhofer,Undirected,174,,6,"#000000","#000000"
Polymagelabs,Polymagelabs,Undirected,175,,26,"#000000","#000000"
Alphabet,broadcom,Undirected,176,,83,"#000000","#000000"
Alphabet,eyedea,Undirected,177,,43,"#000000","#000000"
Alphabet,artec-group,Undirected,178,,138,"#000000","#000000"
Alphabet,tutanota,Undirected,179,,29,"#000000","#000000"
Alphabet,unibap,Undirected,180,,19,"#000000","#000000"
Alphabet,primatelabs,Undirected,181,,74,"#000000","#000000"
Alphabet,windriver,Undirected,182,,7,"#000000","#000000"
Alphabet,acm,Undirected,183,,11,"#000000","#000000"
Alphabet,D2iQ,Undirected,184,,2,"#000000","#000000"
Alphabet,stylight,Undirected,185,,64,"#000000","#000000"
Alphabet,iith,Undirected,186,,76,"#000000","#000000"
Alphabet,mercateo,Undirected,187,,59,"#000000","#000000"
Alphabet,infineon,Undirected,188,,881,"#000000","#000000"
Alphabet,spotify,Undirected,189,,104,"#000000","#000000"
Alphabet,brainscode,Undirected,197,,65,"#000000","#000000"
Alphabet,dalim,Undirected,198,,40,"#000000","#000000"
Alphabet,wdc,Undirected,199,,23,"#000000","#000000"
Alphabet,huawei,Undirected,200,,339,"#000000","#000000"
Alphabet,turation,Undirected,201,,12,"#000000","#000000"
Alphabet,northvolt,Undirected,202,,90,"#000000","#000000"
Alphabet,mercury,Undirected,203,,243,"#000000","#000000"
Nvidia,Nvidia,Undirected,204,,7374,"#000000","#000000"
Nvidia,Tensorflow,Undirected,205,,23407,"#000000","#000000"
Nvidia,rutgers,Undirected,206,,34,"#000000","#000000"
Nvidia,AMD,Undirected,207,,2501,"#000000","#000000"
Nvidia,Intel,Undirected,208,,1846,"#000000","#000000"
Nvidia,Apple,Undirected,209,,13,"#000000","#000000"
Nvidia,IBM,Undirected,211,,106,"#000000","#000000"
Nvidia,MobileIron,Undirected,212,,280,"#000000","#000000"
Nvidia,linkedin,Undirected,213,,29,"#000000","#000000"
Nvidia,tencent,Undirected,214,,103,"#000000","#000000"
Nvidia,dropbox,Undirected,216,,69,"#000000","#000000"
Nvidia,nyu,Undirected,217,,16,"#000000","#000000"
Nvidia,amazon,Undirected,218,,7,"#000000","#000000"
Alphabet,lambdal,Undirected,219,,41,"#000000","#000000"
Alphabet,jhu,Undirected,220,,14,"#000000","#000000"
Alphabet,illinois,Undirected,221,,391,"#000000","#000000"
Alphabet,nucleisys,Undirected,222,,8,"#000000","#000000"
Alphabet,sparkfun,Undirected,223,,93,"#000000","#000000"
Nvidia,naver,Undirected,224,,18,"#000000","#000000"
Microsoft,Tensorflow,Undirected,226,,119,"#000000","#000000"
Microsoft,Intel,Undirected,227,,364,"#000000","#000000"
Microsoft,AMD,Undirected,228,,29,"#000000","#000000"
Microsoft,linaro,Undirected,229,,1,"#000000","#000000"
Microsoft,tu-dresden,Undirected,230,,3,"#000000","#000000"
Microsoft,Apple,Undirected,231,,100,"#000000","#000000"
Microsoft,arm,Undirected,232,,6,"#000000","#000000"
Microsoft,Nvidia,Undirected,233,,26,"#000000","#000000"
Microsoft,MobileIron,Undirected,234,,9,"#000000","#000000"
Microsoft,amazon,Undirected,235,,2,"#000000","#000000"
Microsoft,microsoft,Undirected,237,,1,"#000000","#000000"
Microsoft,IBM,Undirected,238,,3,"#000000","#000000"
Microsoft,tencent,Undirected,239,,6,"#000000","#000000"
broadcom,Tensorflow,Undirected,240,,8,"#000000","#000000"
broadcom,nxp,Undirected,241,,9,"#000000","#000000"
broadcom,artec-group,Undirected,243,,3,"#000000","#000000"
broadcom,IBM,Undirected,244,,2,"#000000","#000000"
broadcom,tutanota,Undirected,245,,1,"#000000","#000000"
broadcom,broadcom,Undirected,246,,1,"#000000","#000000"
Tensorflow,rutgers,Undirected,247,,112,"#000000","#000000"
Tensorflow,AMD,Undirected,248,,5135,"#000000","#000000"
Tensorflow,linaro,Undirected,249,,103,"#000000","#000000"
Tensorflow,illinois,Undirected,250,,119,"#000000","#000000"
Tensorflow,Intel,Undirected,251,,14100,"#000000","#000000"
Tensorflow,IBM,Undirected,252,,5817,"#000000","#000000"
Tensorflow,arm,Undirected,253,,1974,"#000000","#000000"
Tensorflow,Tensorflow,Undirected,254,,210,"#000000","#000000"
Tensorflow,fraunhofer,Undirected,255,,155,"#000000","#000000"
Tensorflow,nxp,Undirected,257,,195,"#000000","#000000"
Tensorflow,windriver,Undirected,259,,2,"#000000","#000000"
Tensorflow,eyedea,Undirected,260,,15,"#000000","#000000"
Tensorflow,dfki,Undirected,261,,718,"#000000","#000000"
Tensorflow,revealtech,Undirected,262,,4,"#000000","#000000"
Tensorflow,tu-dresden,Undirected,263,,696,"#000000","#000000"
Tensorflow,nod-labs,Undirected,264,,15,"#000000","#000000"
Tensorflow,Apple,Undirected,265,,340,"#000000","#000000"
Tensorflow,brainscode,Undirected,266,,11,"#000000","#000000"
Tensorflow,lambdal,Undirected,267,,6,"#000000","#000000"
Tensorflow,graphcore,Undirected,268,,218,"#000000","#000000"
Tensorflow,cadence,Undirected,269,,37,"#000000","#000000"
Tensorflow,MobileIron,Undirected,271,,5825,"#000000","#000000"
Tensorflow,nucleisys,Undirected,272,,1,"#000000","#000000"
Tensorflow,bytedance,Undirected,273,,78,"#000000","#000000"
Tensorflow,linkedin,Undirected,274,,35,"#000000","#000000"
Tensorflow,cerebras,Undirected,275,,166,"#000000","#000000"
Tensorflow,naver,Undirected,276,,4,"#000000","#000000"
Tensorflow,bdti,Undirected,277,,781,"#000000","#000000"
Tensorflow,tencent,Undirected,278,,645,"#000000","#000000"
Tensorflow,artec-group,Undirected,279,,23,"#000000","#000000"
Tensorflow,snu,Undirected,280,,19,"#000000","#000000"
Tensorflow,ibexinnovations,Undirected,281,,1,"#000000","#000000"
Tensorflow,calpoly,Undirected,282,,28,"#000000","#000000"
Tensorflow,mercateo,Undirected,283,,36,"#000000","#000000"
Tensorflow,users,Undirected,284,,17,"#000000","#000000"
Tensorflow,amazon,Undirected,285,,435,"#000000","#000000"
Tensorflow,yandex-team,Undirected,286,,3,"#000000","#000000"
Tensorflow,scortex,Undirected,287,,44,"#000000","#000000"
Tensorflow,alibaba-inc,Undirected,288,,65,"#000000","#000000"
Tensorflow,sunoru,Undirected,289,,32,"#000000","#000000"
Tensorflow,tutanota,Undirected,290,,9,"#000000","#000000"
Tensorflow,legatohealth,Undirected,291,,360,"#000000","#000000"
Tensorflow,nsec,Undirected,292,,273,"#000000","#000000"
Tensorflow,sicara,Undirected,293,,2,"#000000","#000000"
Tensorflow,baylibre,Undirected,294,,1,"#000000","#000000"
Tensorflow,inailuig,Undirected,295,,62,"#000000","#000000"
Tensorflow,antmicro,Undirected,296,,54,"#000000","#000000"
Tensorflow,pku,Undirected,297,,5,"#000000","#000000"
Tensorflow,uwo,Undirected,298,,75,"#000000","#000000"
Tensorflow,tum,Undirected,299,,5,"#000000","#000000"
Tensorflow,scu,Undirected,300,,1,"#000000","#000000"
Tensorflow,dropbox,Undirected,301,,62,"#000000","#000000"
Tensorflow,synopsys,Undirected,302,,18,"#000000","#000000"
Tensorflow,himax,Undirected,303,,5,"#000000","#000000"
Tensorflow,northvolt,Undirected,304,,22,"#000000","#000000"
Tensorflow,nyu,Undirected,305,,330,"#000000","#000000"
Tensorflow,spotify,Undirected,306,,44,"#000000","#000000"
Tensorflow,maxar,Undirected,307,,128,"#000000","#000000"
Tensorflow,primatelabs,Undirected,308,,4,"#000000","#000000"
Tensorflow,ARM,Undirected,309,,639,"#000000","#000000"
Tensorflow,edgeimpulse,Undirected,310,,11,"#000000","#000000"
Tensorflow,uvic,Undirected,311,,168,"#000000","#000000"
Tensorflow,habana,Undirected,312,,7,"#000000","#000000"
Tensorflow,iisc,Undirected,313,,38,"#000000","#000000"
Tensorflow,xtech,Undirected,314,,242,"#000000","#000000"
Tensorflow,peritiae,Undirected,315,,76,"#000000","#000000"
Tensorflow,hi,Undirected,316,,4,"#000000","#000000"
Tensorflow,microsoft,Undirected,317,,3,"#000000","#000000"
Tensorflow,noble,Undirected,318,,22,"#000000","#000000"
Tensorflow,suse,Undirected,319,,2,"#000000","#000000"
Tensorflow,stylight,Undirected,320,,24,"#000000","#000000"
Tensorflow,infineon,Undirected,321,,289,"#000000","#000000"
Tensorflow,instadeep,Undirected,322,,20,"#000000","#000000"
Tensorflow,jhu,Undirected,323,,9,"#000000","#000000"
Tensorflow,dalim,Undirected,324,,2,"#000000","#000000"
Tensorflow,wdc,Undirected,325,,1,"#000000","#000000"
Tensorflow,iith,Undirected,326,,16,"#000000","#000000"
Tensorflow,huawei,Undirected,327,,64,"#000000","#000000"
Tensorflow,mercury,Undirected,328,,40,"#000000","#000000"
Tensorflow,bmsce,Undirected,329,,117,"#000000","#000000"
Tensorflow,Intellecti,Undirected,330,,12,"#000000","#000000"
Tensorflow,turation,Undirected,331,,1,"#000000","#000000"
Tensorflow,sparkfun,Undirected,333,,1,"#000000","#000000"
Tensorflow,fizyr,Undirected,334,,11,"#000000","#000000"
Tensorflow,systrangroup,Undirected,335,,43,"#000000","#000000"
Tensorflow,sensiml,Undirected,336,,38,"#000000","#000000"
Alphabet,poly-ai,Undirected,337,,1,"#000000","#000000"
Alphabet,stripe,Undirected,338,,10,"#000000","#000000"
rutgers,AMD,Undirected,340,,8,"#000000","#000000"
rutgers,MobileIron,Undirected,341,,3,"#000000","#000000"
Alphabet,Intellecti,Undirected,343,,170,"#000000","#000000"
Alphabet,ibexinnovations,Undirected,344,,4,"#000000","#000000"
Alphabet,uber,Undirected,345,,14,"#000000","#000000"
Alphabet,victech,Undirected,346,,11,"#000000","#000000"
AMD,Intel,Undirected,347,,345,"#000000","#000000"
AMD,AMD,Undirected,348,,376,"#000000","#000000"
AMD,amazon,Undirected,350,,43,"#000000","#000000"
Alphabet,uwo,Undirected,352,,408,"#000000","#000000"
Alphabet,tum,Undirected,353,,175,"#000000","#000000"
Alphabet,fizyr,Undirected,354,,38,"#000000","#000000"
Alphabet,revealtech,Undirected,355,,6,"#000000","#000000"
Alphabet,baylibre,Undirected,356,,8,"#000000","#000000"
Alphabet,exaleapsemi,Undirected,357,,4,"#000000","#000000"
Alphabet,yandex-team,Undirected,358,,16,"#000000","#000000"
illinois,dfki,Undirected,359,,7,"#000000","#000000"
Intel,Intel,Undirected,360,,8258,"#000000","#000000"
Intel,linaro,Undirected,361,,29,"#000000","#000000"
Intel,arm,Undirected,362,,421,"#000000","#000000"
Intel,graphcore,Undirected,363,,17,"#000000","#000000"
Intel,tencent,Undirected,364,,347,"#000000","#000000"
Alphabet,sicara,Undirected,365,,4,"#000000","#000000"
Alphabet,hi,Undirected,366,,44,"#000000","#000000"
IBM,Intel,Undirected,369,,97,"#000000","#000000"
IBM,AMD,Undirected,370,,24,"#000000","#000000"
IBM,IBM,Undirected,371,,63,"#000000","#000000"
IBM,MobileIron,Undirected,372,,136,"#000000","#000000"
IBM,uvic,Undirected,374,,6,"#000000","#000000"
arm,fraunhofer,Undirected,375,,17,"#000000","#000000"
arm,nod-labs,Undirected,376,,27,"#000000","#000000"
arm,arm,Undirected,377,,1870,"#000000","#000000"
arm,Nvidia,Undirected,378,,47,"#000000","#000000"
arm,AMD,Undirected,379,,17,"#000000","#000000"
arm,tu-dresden,Undirected,380,,17,"#000000","#000000"
arm,MobileIron,Undirected,381,,75,"#000000","#000000"
arm,users,Undirected,382,,3,"#000000","#000000"
arm,maxar,Undirected,383,,3,"#000000","#000000"
Intel,tu-dresden,Undirected,385,,105,"#000000","#000000"
Intel,MobileIron,Undirected,386,,588,"#000000","#000000"
Intel,users,Undirected,387,,11,"#000000","#000000"
Intel,maxar,Undirected,388,,21,"#000000","#000000"
fraunhofer,dfki,Undirected,389,,5,"#000000","#000000"
fraunhofer,nod-labs,Undirected,390,,2,"#000000","#000000"
fraunhofer,alibaba-inc,Undirected,391,,2,"#000000","#000000"
Nvidia,dfki,Undirected,393,,1,"#000000","#000000"
Intel,Apple,Undirected,394,,325,"#000000","#000000"
Nvidia,tu-dresden,Undirected,396,,7,"#000000","#000000"
Nvidia,users,Undirected,397,,3,"#000000","#000000"
Nvidia,graphcore,Undirected,398,,14,"#000000","#000000"
adalogics,Alphabet,Undirected,400,,10,"#000000","#000000"
Intel,uvic,Undirected,402,,42,"#000000","#000000"
Polymagelabs,dfki,Undirected,404,,32,"#000000","#000000"
Polymagelabs,alibaba-inc,Undirected,405,,1,"#000000","#000000"
Polymagelabs,iisc,Undirected,406,,2,"#000000","#000000"
nxp,nxp,Undirected,410,,15,"#000000","#000000"
nxp,artec-group,Undirected,411,,9,"#000000","#000000"
nxp,tutanota,Undirected,412,,3,"#000000","#000000"
AMD,linaro,Undirected,415,,11,"#000000","#000000"
AMD,tu-dresden,Undirected,416,,22,"#000000","#000000"
AMD,Apple,Undirected,417,,7,"#000000","#000000"
AMD,MobileIron,Undirected,420,,71,"#000000","#000000"
AMD,linkedin,Undirected,421,,8,"#000000","#000000"
AMD,tencent,Undirected,422,,14,"#000000","#000000"
AMD,users,Undirected,423,,2,"#000000","#000000"
AMD,legatohealth,Undirected,425,,12,"#000000","#000000"
AMD,inailuig,Undirected,426,,1,"#000000","#000000"
AMD,tum,Undirected,427,,20,"#000000","#000000"
AMD,dfki,Undirected,428,,9,"#000000","#000000"
AMD,nyu,Undirected,429,,7,"#000000","#000000"
AMD,ARM,Undirected,430,,1,"#000000","#000000"
AMD,uvic,Undirected,431,,30,"#000000","#000000"
linaro,tu-dresden,Undirected,438,,1,"#000000","#000000"
linaro,IBM,Undirected,439,,10,"#000000","#000000"
linaro,Nvidia,Undirected,440,,4,"#000000","#000000"
linaro,MobileIron,Undirected,441,,14,"#000000","#000000"
linaro,legatohealth,Undirected,443,,7,"#000000","#000000"
windriver,MobileIron,Undirected,445,,1,"#000000","#000000"
arm,IBM,Undirected,446,,131,"#000000","#000000"
arm,ARM,Undirected,447,,1292,"#000000","#000000"
arm,wdc,Undirected,448,,13,"#000000","#000000"
arm,huawei,Undirected,449,,7,"#000000","#000000"
arm,cadence,Undirected,450,,76,"#000000","#000000"
arm,nucleisys,Undirected,451,,4,"#000000","#000000"
arm,bdti,Undirected,452,,1584,"#000000","#000000"
arm,espressif,Undirected,454,,26,"#000000","#000000"
arm,antmicro,Undirected,455,,199,"#000000","#000000"
arm,synopsys,Undirected,456,,231,"#000000","#000000"
arm,himax,Undirected,457,,95,"#000000","#000000"
arm,broadcom,Undirected,458,,5,"#000000","#000000"
arm,edgeimpulse,Undirected,459,,74,"#000000","#000000"
arm,xtech,Undirected,460,,386,"#000000","#000000"
arm,xmos,Undirected,462,,20,"#000000","#000000"
arm,sparkfun,Undirected,463,,6,"#000000","#000000"
arm,sensiml,Undirected,464,,145,"#000000","#000000"
dfki,dfki,Undirected,465,,187,"#000000","#000000"
dfki,alibaba-inc,Undirected,466,,14,"#000000","#000000"
Intel,lambdal,Undirected,470,,3,"#000000","#000000"
Intel,linkedin,Undirected,472,,8,"#000000","#000000"
Intel,calpoly,Undirected,473,,23,"#000000","#000000"
Intel,nyu,Undirected,474,,33,"#000000","#000000"
Intel,habana,Undirected,475,,1,"#000000","#000000"
Intel,noble,Undirected,476,,2,"#000000","#000000"
Intel,amazon,Undirected,477,,7,"#000000","#000000"
Intel,systrangroup,Undirected,478,,5,"#000000","#000000"
tu-dresden,IBM,Undirected,479,,2,"#000000","#000000"
tu-dresden,lambdal,Undirected,480,,4,"#000000","#000000"
tu-dresden,MobileIron,Undirected,481,,28,"#000000","#000000"
tu-dresden,users,Undirected,482,,1,"#000000","#000000"
tu-dresden,amazon,Undirected,483,,2,"#000000","#000000"
tu-dresden,bdti,Undirected,484,,1,"#000000","#000000"
tu-dresden,dfki,Undirected,485,,1,"#000000","#000000"
tu-dresden,maxar,Undirected,486,,4,"#000000","#000000"
tu-dresden,suse,Undirected,487,,1,"#000000","#000000"
nod-labs,alibaba-inc,Undirected,489,,1,"#000000","#000000"
nod-labs,dfki,Undirected,490,,1,"#000000","#000000"
Intel,acm,Undirected,491,,2,"#000000","#000000"
Intel,iith,Undirected,492,,2,"#000000","#000000"
Alphabet,collabora,Undirected,493,,2,"#000000","#000000"
Apple,MobileIron,Undirected,494,,32,"#000000","#000000"
Apple,nyu,Undirected,496,,1,"#000000","#000000"
Apple,maxar,Undirected,497,,4,"#000000","#000000"
Apple,bytedance,Undirected,498,,1,"#000000","#000000"
Intel,jhu,Undirected,499,,1,"#000000","#000000"
IBM,nxp,Undirected,500,,7,"#000000","#000000"
IBM,maxar,Undirected,503,,2,"#000000","#000000"
IBM,amazon,Undirected,506,,6,"#000000","#000000"
Alphabet,instacart,Undirected,507,,4,"#000000","#000000"
Nvidia,snu,Undirected,508,,2,"#000000","#000000"
Nvidia,legatohealth,Undirected,509,,1,"#000000","#000000"
Nvidia,uvic,Undirected,510,,68,"#000000","#000000"
Nvidia,peritiae,Undirected,511,,8,"#000000","#000000"
Nvidia,systrangroup,Undirected,512,,2,"#000000","#000000"
brainscode,IBM,Undirected,513,,2,"#000000","#000000"
Alphabet,ravelin,Undirected,514,,48,"#000000","#000000"
Intel,Intellecti,Undirected,515,,1,"#000000","#000000"
lambdal,MobileIron,Undirected,518,,6,"#000000","#000000"
lambdal,nyu,Undirected,519,,1,"#000000","#000000"
Nvidia,nsec,Undirected,520,,15,"#000000","#000000"
Nvidia,instadeep,Undirected,521,,1,"#000000","#000000"
Nvidia,bytedance,Undirected,522,,2,"#000000","#000000"
Nvidia,maxar,Undirected,523,,43,"#000000","#000000"
Nvidia,noble,Undirected,524,,1,"#000000","#000000"
graphcore,nsec,Undirected,526,,5,"#000000","#000000"
cadence,bdti,Undirected,536,,43,"#000000","#000000"
cadence,IBM,Undirected,537,,2,"#000000","#000000"
cadence,synopsys,Undirected,538,,30,"#000000","#000000"
cadence,himax,Undirected,539,,15,"#000000","#000000"
cadence,broadcom,Undirected,540,,1,"#000000","#000000"
cadence,ARM,Undirected,541,,6,"#000000","#000000"
cadence,antmicro,Undirected,542,,4,"#000000","#000000"
cadence,cadence,Undirected,543,,29,"#000000","#000000"
cadence,xtech,Undirected,544,,23,"#000000","#000000"
cadence,edgeimpulse,Undirected,545,,4,"#000000","#000000"
IBM,tencent,Undirected,549,,15,"#000000","#000000"
IBM,sunoru,Undirected,550,,3,"#000000","#000000"
IBM,nyu,Undirected,552,,1,"#000000","#000000"
arm,sony,Undirected,555,,3,"#000000","#000000"
arm,yahoo,Undirected,556,,3,"#000000","#000000"
MobileIron,tencent,Undirected,557,,40,"#000000","#000000"
MobileIron,snu,Undirected,558,,10,"#000000","#000000"
MobileIron,calpoly,Undirected,559,,4,"#000000","#000000"
MobileIron,users,Undirected,560,,1,"#000000","#000000"
MobileIron,amazon,Undirected,561,,179,"#000000","#000000"
MobileIron,scortex,Undirected,562,,11,"#000000","#000000"
MobileIron,legatohealth,Undirected,563,,38,"#000000","#000000"
MobileIron,nsec,Undirected,564,,24,"#000000","#000000"
MobileIron,cerebras,Undirected,565,,4,"#000000","#000000"
MobileIron,northvolt,Undirected,566,,16,"#000000","#000000"
MobileIron,nyu,Undirected,567,,8,"#000000","#000000"
MobileIron,maxar,Undirected,568,,11,"#000000","#000000"
MobileIron,uvic,Undirected,569,,8,"#000000","#000000"
MobileIron,peritiae,Undirected,570,,40,"#000000","#000000"
MobileIron,nuro,Undirected,571,,2,"#000000","#000000"
MobileIron,noble,Undirected,572,,7,"#000000","#000000"
MobileIron,suse,Undirected,573,,1,"#000000","#000000"
MobileIron,stylight,Undirected,574,,12,"#000000","#000000"
MobileIron,instadeep,Undirected,575,,9,"#000000","#000000"
MobileIron,jhu,Undirected,576,,3,"#000000","#000000"
MobileIron,mercury,Undirected,577,,2,"#000000","#000000"
MobileIron,bmsce,Undirected,578,,16,"#000000","#000000"
MobileIron,systrangroup,Undirected,580,,10,"#000000","#000000"
MobileIron,iith,Undirected,581,,8,"#000000","#000000"
nucleisys,synopsys,Undirected,584,,6,"#000000","#000000"
nucleisys,antmicro,Undirected,585,,1,"#000000","#000000"
nucleisys,sparkfun,Undirected,586,,1,"#000000","#000000"
nucleisys,sensiml,Undirected,587,,6,"#000000","#000000"
Intel,legatohealth,Undirected,588,,15,"#000000","#000000"
cerebras,Polymagelabs,Undirected,590,,4,"#000000","#000000"
cerebras,IBM,Undirected,591,,2,"#000000","#000000"
Intel,Polymagelabs,Undirected,592,,1,"#000000","#000000"
naver,tum,Undirected,593,,5,"#000000","#000000"
naver,hi,Undirected,594,,4,"#000000","#000000"
bdti,bdti,Undirected,595,,606,"#000000","#000000"
bdti,antmicro,Undirected,596,,127,"#000000","#000000"
bdti,broadcom,Undirected,597,,13,"#000000","#000000"
bdti,ARM,Undirected,598,,93,"#000000","#000000"
bdti,xtech,Undirected,599,,562,"#000000","#000000"
bdti,edgeimpulse,Undirected,600,,19,"#000000","#000000"
bdti,sensiml,Undirected,601,,98,"#000000","#000000"
tencent,graphcore,Undirected,603,,3,"#000000","#000000"
tencent,scortex,Undirected,604,,1,"#000000","#000000"
tencent,amazon,Undirected,605,,37,"#000000","#000000"
artec-group,IBM,Undirected,606,,1,"#000000","#000000"
artec-group,tutanota,Undirected,607,,3,"#000000","#000000"
snu,peritiae,Undirected,608,,4,"#000000","#000000"
snu,systrangroup,Undirected,609,,1,"#000000","#000000"
Alphabet,suse,Undirected,611,,1,"#000000","#000000"
arm,dfki,Undirected,612,,4,"#000000","#000000"
calpoly,IBM,Undirected,615,,1,"#000000","#000000"
mercateo,IBM,Undirected,616,,4,"#000000","#000000"
bdti,IBM,Undirected,617,,2,"#000000","#000000"
amazon,cerebras,Undirected,618,,10,"#000000","#000000"
amazon,microsoft,Undirected,619,,2,"#000000","#000000"
amazon,nuro,Undirected,620,,17,"#000000","#000000"
amazon,amazon,Undirected,621,,68,"#000000","#000000"
instacart,stylight,Undirected,627,,3,"#000000","#000000"
dfki,iisc,Undirected,629,,3,"#000000","#000000"
scortex,nsec,Undirected,632,,40,"#000000","#000000"
Polymagelabs,spotify,Undirected,634,,1,"#000000","#000000"
sony,IBM,Undirected,635,,5,"#000000","#000000"
sony,espressif,Undirected,636,,5,"#000000","#000000"
sony,synopsys,Undirected,637,,14,"#000000","#000000"
sony,himax,Undirected,638,,10,"#000000","#000000"
sony,yahoo,Undirected,639,,2,"#000000","#000000"
IBM,espressif,Undirected,641,,13,"#000000","#000000"
IBM,synopsys,Undirected,642,,35,"#000000","#000000"
IBM,himax,Undirected,643,,22,"#000000","#000000"
IBM,naver,Undirected,644,,1,"#000000","#000000"
IBM,yahoo,Undirected,645,,3,"#000000","#000000"
IBM,ARM,Undirected,646,,61,"#000000","#000000"
IBM,edgeimpulse,Undirected,647,,2,"#000000","#000000"
IBM,microsoft,Undirected,648,,2,"#000000","#000000"
IBM,infineon,Undirected,649,,3,"#000000","#000000"
IBM,wdc,Undirected,650,,1,"#000000","#000000"
IBM,huawei,Undirected,651,,3,"#000000","#000000"
IBM,sparkfun,Undirected,652,,2,"#000000","#000000"
edgeimpulse,antmicro,Undirected,656,,4,"#000000","#000000"
legatohealth,cerebras,Undirected,657,,6,"#000000","#000000"
legatohealth,IBM,Undirected,658,,4,"#000000","#000000"
legatohealth,amazon,Undirected,659,,48,"#000000","#000000"
espressif,synopsys,Undirected,661,,25,"#000000","#000000"
espressif,himax,Undirected,662,,15,"#000000","#000000"
espressif,yahoo,Undirected,663,,3,"#000000","#000000"
espressif,espressif,Undirected,664,,3,"#000000","#000000"
Intel,bmsce,Undirected,665,,2,"#000000","#000000"
antmicro,antmicro,Undirected,666,,16,"#000000","#000000"
antmicro,xtech,Undirected,667,,20,"#000000","#000000"
antmicro,sensiml,Undirected,668,,40,"#000000","#000000"
uwo,mercury,Undirected,671,,3,"#000000","#000000"
tum,hi,Undirected,672,,20,"#000000","#000000"
linaro,linaro,Undirected,673,,2,"#000000","#000000"
linaro,acm,Undirected,674,,3,"#000000","#000000"
linaro,iith,Undirected,675,,3,"#000000","#000000"
bytedance,amazon,Undirected,676,,1,"#000000","#000000"
synopsys,himax,Undirected,677,,115,"#000000","#000000"
synopsys,yahoo,Undirected,678,,9,"#000000","#000000"
synopsys,synopsys,Undirected,679,,428,"#000000","#000000"
synopsys,antmicro,Undirected,680,,19,"#000000","#000000"
synopsys,xmos,Undirected,681,,6,"#000000","#000000"
synopsys,edgeimpulse,Undirected,682,,10,"#000000","#000000"
synopsys,sparkfun,Undirected,683,,6,"#000000","#000000"
synopsys,sensiml,Undirected,684,,36,"#000000","#000000"
himax,yahoo,Undirected,685,,10,"#000000","#000000"
himax,antmicro,Undirected,686,,5,"#000000","#000000"
himax,edgeimpulse,Undirected,687,,5,"#000000","#000000"
naver,arm,Undirected,688,,1,"#000000","#000000"
northvolt,IBM,Undirected,689,,2,"#000000","#000000"
northvolt,iith,Undirected,690,,2,"#000000","#000000"
nyu,amazon,Undirected,692,,1,"#000000","#000000"
broadcom,xtech,Undirected,693,,7,"#000000","#000000"
spotify,infineon,Undirected,694,,6,"#000000","#000000"
ARM,edgeimpulse,Undirected,696,,5,"#000000","#000000"
ARM,antmicro,Undirected,697,,7,"#000000","#000000"
ARM,xtech,Undirected,698,,56,"#000000","#000000"
ARM,wdc,Undirected,699,,13,"#000000","#000000"
ARM,huawei,Undirected,700,,10,"#000000","#000000"
antmicro,xmos,Undirected,701,,2,"#000000","#000000"
antmicro,sparkfun,Undirected,702,,1,"#000000","#000000"
xtech,edgeimpulse,Undirected,704,,8,"#000000","#000000"
xtech,sensiml,Undirected,705,,10,"#000000","#000000"
peritiae,systrangroup,Undirected,706,,4,"#000000","#000000"
IBM,iith,Undirected,707,,1,"#000000","#000000"
acm,iith,Undirected,708,,1,"#000000","#000000"
kuaishou,Alphabet,Undirected,709,,5,"#000000","#000000"
arm,dalim,Undirected,711,,1,"#000000","#000000"
nuro,Alphabet,Undirected,712,,3,"#000000","#000000"
instadeep,Intel,Undirected,713,,12,"#000000","#000000"
jhu,amazon,Undirected,714,,1,"#000000","#000000"
graphcore,systrangroup,Undirected,715,,1,"#000000","#000000"
sparkfun,sensiml,Undirected,716,,6,"#000000","#000000"
